{"cameraMode":{"drawMode":0,"name":"Shaded","section":"Shading Mode"},"sceneLighting":true,"audioPlay":false,"sceneViewState":{"m_AlwaysRefresh":false,"showFog":true,"showSkybox":true,"showFlares":true,"showImageEffects":true,"showParticleSystems":true,"showVisualEffectGraphs":true,"m_FxEnabled":true},"in2DMode":false,"pivot":{"x":18.11756706237793,"y":13.013094902038575,"z":0.3214333653450012},"rotation":{"x":0.07010148465633393,"y":-0.7567667365074158,"z":0.0822877511382103,"w":0.6447014212608337},"size":2.2623913288116457,"orthographic":false}