{"cameraMode":{"drawMode":0,"name":"Shaded","section":"Shading Mode"},"sceneLighting":false,"audioPlay":false,"sceneViewState":{"showFog":true,"showMaterialUpdate":false,"showSkybox":true,"showFlares":true,"showImageEffects":true,"showParticleSystems":true},"in2DMode":false,"pivot":{"x":0.4349708557128906,"y":-1.7472562789916993,"z":1.1478567123413087},"rotation":{"x":0.134837806224823,"y":-0.8609808087348938,"z":0.2980947494506836,"w":0.3894488215446472},"size":10.0,"orthographic":false}